priority,score,officeName,keyword,intent,commercialIntent,winability,searchVolume,seoDifficulty,cpc,competition,slug,source,reason
★★★★☆,77,弁護士法人あまた法律事務所,あまた法律事務所 費用,費用,強,Googleサジェスト由来,,,,,amata-law-review,google-suggest,"source=google-suggest, intent=費用, commercialIntent=強, noteWinability=Googleサジェスト由来, volume=unknown, difficulty=unknown"
★★★★☆,77,弁護士法人あまた法律事務所,あまた法律事務所 交通事故 費用,費用,強,Googleサジェスト由来,,,,,amata-law-review,google-suggest,"source=google-suggest, intent=費用, commercialIntent=強, noteWinability=Googleサジェスト由来, volume=unknown, difficulty=unknown"
★★★★☆,77,弁護士法人あまた法律事務所,あまた法律事務所 料金,料金,強,Googleサジェスト由来,,,,,amata-law-review,google-suggest,"source=google-suggest, intent=料金, commercialIntent=強, noteWinability=Googleサジェスト由来, volume=unknown, difficulty=unknown"
★★★★☆,74,弁護士法人あまた法律事務所,あまた法律事務所 任意整理 費用,任意整理,強,Googleサジェスト由来,,,,,amata-law-review,google-suggest,"source=google-suggest, intent=任意整理, commercialIntent=強, noteWinability=Googleサジェスト由来, volume=unknown, difficulty=unknown"
★★★★☆,74,弁護士法人あまた法律事務所,あまた法律事務所 任意整理,任意整理,強,Googleサジェスト由来,,,,,amata-law-review,google-suggest,"source=google-suggest, intent=任意整理, commercialIntent=強, noteWinability=Googleサジェスト由来, volume=unknown, difficulty=unknown"
★★★★☆,72,弁護士法人あまた法律事務所,弁護士法人あまた法律事務所 クチコミ,クチコミ,中,Googleサジェスト由来,,,,,amata-law-review,google-suggest,"source=google-suggest, intent=クチコミ, commercialIntent=中, noteWinability=Googleサジェスト由来, volume=unknown, difficulty=unknown"
★★★★☆,72,弁護士法人あまた法律事務所,弁護士法人あまた法律事務所 口コミ,口コミ,中,Googleサジェスト由来,,,,,amata-law-review,google-suggest,"source=google-suggest, intent=口コミ, commercialIntent=中, noteWinability=Googleサジェスト由来, volume=unknown, difficulty=unknown"
★★★★☆,72,弁護士法人あまた法律事務所,弁護士 法人あまた法律事務所 クチコミ,クチコミ,中,Googleサジェスト由来,,,,,amata-law-review,google-suggest,"source=google-suggest, intent=クチコミ, commercialIntent=中, noteWinability=Googleサジェスト由来, volume=unknown, difficulty=unknown"
★★★★☆,72,弁護士法人あまた法律事務所,あまた法律事務所 口コミ,口コミ,中,Googleサジェスト由来,,,,,amata-law-review,google-suggest,"source=google-suggest, intent=口コミ, commercialIntent=中, noteWinability=Googleサジェスト由来, volume=unknown, difficulty=unknown"
★★★★☆,72,弁護士法人あまた法律事務所,あまた法律事務所 クチコミ,クチコミ,中,Googleサジェスト由来,,,,,amata-law-review,google-suggest,"source=google-suggest, intent=クチコミ, commercialIntent=中, noteWinability=Googleサジェスト由来, volume=unknown, difficulty=unknown"
★★★★☆,70,弁護士法人あまた法律事務所,弁護士法人あまた法律事務所 評判,評判,中,Googleサジェスト由来,,,,,amata-law-review,google-suggest,"source=google-suggest, intent=評判, commercialIntent=中, noteWinability=Googleサジェスト由来, volume=unknown, difficulty=unknown"
★★★★☆,70,弁護士法人あまた法律事務所,あまた法律事務所 高い,高い,強,Googleサジェスト由来,,,,,amata-law-review,google-suggest,"source=google-suggest, intent=高い, commercialIntent=強, noteWinability=Googleサジェスト由来, volume=unknown, difficulty=unknown"
★★★★☆,70,弁護士法人あまた法律事務所,あまた法律事務所 評判,評判,中,Googleサジェスト由来,,,,,amata-law-review,google-suggest,"source=google-suggest, intent=評判, commercialIntent=中, noteWinability=Googleサジェスト由来, volume=unknown, difficulty=unknown"
★★★★☆,70,弁護士法人あまた法律事務所,あまた法律事務所 評判 転職,評判,中,Googleサジェスト由来,,,,,amata-law-review,google-suggest,"source=google-suggest, intent=評判, commercialIntent=中, noteWinability=Googleサジェスト由来, volume=unknown, difficulty=unknown"
★★★★☆,70,弁護士法人あまた法律事務所,あまた法律事務所 債務整理,債務整理,強,Googleサジェスト由来,,,,,amata-law-review,google-suggest,"source=google-suggest, intent=債務整理, commercialIntent=強, noteWinability=Googleサジェスト由来, volume=unknown, difficulty=unknown"
★★★★☆,68,弁護士法人あまた法律事務所,あまた法律事務所 自己破産 費用,自己破産,強,Googleサジェスト由来,,,,,amata-law-review,google-suggest,"source=google-suggest, intent=自己破産, commercialIntent=強, noteWinability=Googleサジェスト由来, volume=unknown, difficulty=unknown"
★★★★☆,68,弁護士法人あまた法律事務所,あまた法律事務所 自己破産,自己破産,強,Googleサジェスト由来,,,,,amata-law-review,google-suggest,"source=google-suggest, intent=自己破産, commercialIntent=強, noteWinability=Googleサジェスト由来, volume=unknown, difficulty=unknown"
★★★★☆,68,弁護士法人あまた法律事務所,あまた法律事務所 個人再生 費用,個人再生,強,Googleサジェスト由来,,,,,amata-law-review,google-suggest,"source=google-suggest, intent=個人再生, commercialIntent=強, noteWinability=Googleサジェスト由来, volume=unknown, difficulty=unknown"
★★★☆☆,65,弁護士法人あまた法律事務所,あまた法律事務所 怪しい,怪しい,中,Googleサジェスト由来,,,,,amata-law-review,google-suggest,"source=google-suggest, intent=怪しい, commercialIntent=中, noteWinability=Googleサジェスト由来, volume=unknown, difficulty=unknown"
★★★☆☆,63,弁護士法人あまた法律事務所,弁護士 法人 あまた 法律 事務 所 評判,評判,中,Googleサジェスト由来,,,,,amata-law-review,google-suggest,"source=google-suggest, intent=評判, commercialIntent=中, noteWinability=Googleサジェスト由来, volume=unknown, difficulty=unknown"
★★★☆☆,61,弁護士法人あまた法律事務所,あまた法律事務所 しつこい,しつこい,中,Googleサジェスト由来,,,,,amata-law-review,google-suggest,"source=google-suggest, intent=しつこい, commercialIntent=中, noteWinability=Googleサジェスト由来, volume=unknown, difficulty=unknown"
★★★☆☆,60,弁護士法人あまた法律事務所,弁護士法人あまた法律事務所 電話番号,電話番号,中,Googleサジェスト由来,,,,,amata-law-review,google-suggest,"source=google-suggest, intent=電話番号, commercialIntent=中, noteWinability=Googleサジェスト由来, volume=unknown, difficulty=unknown"
★★★☆☆,59,弁護士法人あまた法律事務所,あまた法律事務所 電話,電話,中,Googleサジェスト由来,,,,,amata-law-review,google-suggest,"source=google-suggest, intent=電話, commercialIntent=中, noteWinability=Googleサジェスト由来, volume=unknown, difficulty=unknown"
